Gender,Sport Preference
Men,Basketball
Men,Basketball
Men,Basketball
Men,Basketball
Men,Basketball
Men,Basketball
Men,Basketball
Men,Basketball
Men,Basketball
Men,Basketball
Men,Basketball
Men,Basketball
Men,Basketball
Men,Basketball
Men,Basketball
Men,Basketball
Men,Basketball
Men,Basketball
Men,Basketball
Men,Basketball
Men,Football
Men,Football
Men,Football
Men,Football
Men,Football
Men,Football
Men,Football
Men,Football
Men,Football
Men,Football
Men,Football
Men,Football
Men,Football
Men,Football
Men,Football
Men,Football
Men,Football
Men,Football
Men,Football
Men,Football
Men,Football
Men,Football
Men,Football
Men,Football
Men,Football
Men,Soccer
Men,Soccer
Men,Soccer
Men,Soccer
Men,Soccer
Men,Soccer
Men,Soccer
Men,Soccer
Men,Soccer
Men,Soccer
Men,Soccer
Men,Soccer
Men,Soccer
Men,Soccer
Men,Soccer
Men,Soccer
Men,Soccer
Men,Soccer
Men,Soccer
Men,Soccer
Men,Soccer
Men,Soccer
Men,Soccer
Men,Soccer
Men,Soccer
Men,Soccer
Men,Soccer
Men,Soccer
Men,Soccer
Men,Soccer
Women,Basketball
Women,Basketball
Women,Basketball
Women,Basketball
Women,Basketball
Women,Basketball
Women,Basketball
Women,Basketball
Women,Basketball
Women,Basketball
Women,Basketball
Women,Basketball
Women,Basketball
Women,Basketball
Women,Basketball
Women,Basketball
Women,Basketball
Women,Basketball
Women,Football
Women,Football
Women,Football
Women,Football
Women,Football
Women,Football
Women,Football
Women,Football
Women,Football
Women,Football
Women,Football
Women,Football
Women,Football
Women,Football
Women,Soccer
Women,Soccer
Women,Soccer
Women,Soccer
Women,Soccer
Women,Soccer
Women,Soccer
Women,Soccer
Women,Soccer
Women,Soccer
Women,Soccer
Women,Soccer
Women,Soccer
